UN,NAME,AREA,POP2005,REGION,SUBREGION,LON,LAT,WHD_Mean,WHD_Median,HWSD_Mean,HWSD_Median,SG17_Mean,SG17_Median,SG20_Mean,SG20_Median,FAO_Mean,FAO_Median,max_mean,min_mean,range_mean,mean_mean,range_mean_ratio,max_median,min_median,range_median,mean_median,range_median_ratio
28,Antigua and Barbuda,44,83039,19,29,-61.783,17.078,65.18051147,65.12577516,101.0838394,93.39985726,89.56663513,84.94202214,48.37680817,52.60502947,59.31139755,59.16583969,101.0838394,48.37680817,52.70703125,72.70383835,0.724955277,93.39985726,52.60502947,40.79482779,71.04770474,0.574189243
12,Algeria,238174,32854159,2,15,2.632,28.163,27.59062767,25.26520247,33.01352692,23.27943551,13.69423771,9.999999695,12.29473972,10.49305384,15.70935917,12.52827951,33.01352692,12.29473972,20.71878719,20.46049824,1.012623786,25.26520247,9.999999695,15.26520278,16.31319421,0.935758049
31,Azerbaijan,8260,8352021,142,145,47.395,40.43,53.43730164,45.10186329,46.65792465,36.54899869,73.99544525,64.01548143,42.40093231,40.8486027,54.04296494,43.22736195,73.99544525,42.40093231,31.59451294,54.10691376,0.583927464,64.01548143,36.54899869,27.46648273,45.94846161,0.597767189
8,Albania,2740,3153731,150,39,20.068,41.143,51.95547485,48.54196235,46.93966293,42.54579043,100.6503983,91.76693148,50.39630508,49.44555014,63.31753159,60.3430342,100.6503983,46.93966293,53.71073532,62.65187454,0.85728856,91.76693148,42.54579043,49.22114106,58.52865372,0.840975111
51,Armenia,2820,3017661,142,145,44.563,40.534,51.65351105,45.10186353,59.39176559,66.95998429,102.4821472,107.0754303,48.23405838,52.57049066,120.5756149,121.7809522,120.5756149,48.23405838,72.34155655,76.46741943,0.946044173,121.7809522,45.10186353,76.67908867,78.6977442,0.974349258
24,Angola,124670,16095214,2,17,17.544,-12.296,47.94312286,48.61233817,27.21933746,19.60800032,43.85488892,43.88069867,22.4350071,21.59189726,34.2860527,33.56243314,47.94312286,22.4350071,25.50811577,35.14768181,0.725741058,48.61233817,19.60800032,29.00433785,33.45107351,0.867067475
32,Argentina,273669,38747148,19,5,-65.167,-35.377,44.41213608,42.77917768,49.06439972,27.39000606,60.64143372,54.76406925,34.75773239,31.52469361,50.60611725,47.58480063,60.64143372,34.75773239,25.88370132,47.89636383,0.540410571,54.76406925,27.39000606,27.37406319,40.80854945,0.67079236
36,Australia,768230,20310208,9,53,136.189,-24.973,41.19698334,39.18581463,27.78183556,21.00000326,31.61998558,24.93617227,18.60569954,15.58266406,29.33797646,23.31883766,41.19698334,18.60569954,22.5912838,29.70849609,0.760431754,39.18581463,15.58266406,23.60315057,24.80469838,0.951559669
48,Bahrain,71,724788,142,145,50.562,26.019,16.6376133,18.70650272,15.64799881,15.64799976,10.08377838,9.308082386,6.94088459,7.730942137,9.966585159,9.504056682,16.6376133,6.94088459,9.696728706,11.85537205,0.817918549,18.70650272,7.730942137,10.97556059,12.17951674,0.901149103
52,Barbados,43,291933,19,29,-59.559,13.153,48.36945343,42.97009203,57.25365829,49.3456644,77.79096222,77.6224588,54.76766205,55.90926403,62.72888947,62.53900393,77.79096222,48.36945343,29.42150879,60.18212509,0.488874541,77.6224588,42.97009203,34.65236677,57.67729664,0.600797347
44,Bahamas,1001,323295,19,29,-78.014,24.628,44.21813583,47.18097274,17.49352455,15.61862342,202.8853607,203.2084572,51.0772438,55.15261562,6.005606651,4.554083863,202.8853607,6.005606651,196.8797541,64.33597431,3.060181433,203.2084572,4.554083863,198.6543733,65.14295057,3.049514515
50,Bangladesh,13017,15328112,142,34,89.941,24.218,48.11439514,48.40795856,46.19158173,43.33499678,70.98046875,65.80982125,33.70824432,34.78684138,45.43702316,42.63200591,70.98046875,33.70824432,37.27222443,48.88634262,0.762426118,65.80982125,34.78684138,31.02297987,46.99432478,0.660143114
84,Belize,2281,275546,19,13,-88.602,17.219,51.19535828,49.24268859,59.17174911,51.88580035,102.2835846,98.93164753,56.28786087,53.73548544,59.56256104,55.57883141,102.2835846,51.19535828,51.08822632,65.70022278,0.777595937,98.93164753,49.24268859,49.68895894,61.87489066,0.803055301
70,Bosnia and Herzegovina,5120,3915238,150,39,17.786,44.169,81.18819427,77.74051722,48.99457932,38.51401889,116.2401657,111.8290677,61.8272171,64.48714159,71.64717865,67.99781804,116.2401657,48.99457932,67.2455864,75.97946701,0.885049462,111.8290677,38.51401889,73.3150488,72.11371268,1.016658914
68,Bolivia,108438,9182015,19,5,-64.671,-16.715,54.14736176,49.36184,43.0375061,36.20999759,63.67576599,58.82888975,37.07212067,35.27588525,53.23347473,52.70451183,63.67576599,37.07212067,26.60364532,50.23324585,0.529602355,58.82888975,35.27588525,23.5530045,46.47622488,0.506775336
104,Burma,65755,47967266,142,35,96.041,21.718,50.0163269,51.01008726,49.62669373,42.00000132,91.9182663,84.43220572,47.34143448,48.59356576,53.20293427,52.76840485,91.9182663,47.34143448,44.57683182,58.42113113,0.763025826,84.43220572,42.00000132,42.43220439,55.76085298,0.760967635
204,Benin,11062,8490301,2,11,2.469,10.541,43.65274811,43.8025048,34.55463791,32.85600069,42.30514145,41.80184209,23.99740601,23.54577031,32.08102417,31.32484742,43.65274811,23.99740601,19.6553421,35.31819153,0.55652176,43.8025048,23.54577031,20.25673449,34.66619306,0.584336863
90,Solomon Islands,2799,472419,9,54,160.109,-9.611,51.10963821,46.7022763,56.72864151,52.76778819,147.2373199,142.4466506,57.58785248,59.11253122,69.90253448,69.58797523,147.2373199,51.10963821,96.12768173,76.51319733,1.256354264,142.4466506,46.7022763,95.74437435,74.12344431,1.291688146
76,Brazil,845942,186830759,19,5,-53.089,-10.772,48.49061966,45.0587961,47.54649734,41.29199752,66.14615631,59.1284836,37.99128342,37.67066977,42.05105591,41.23100269,66.14615631,37.99128342,28.15487289,48.44512253,0.581170434,59.1284836,37.67066977,21.45781383,44.87618994,0.478155874
100,Bulgaria,11063,7744591,150,151,25.231,42.761,54.10283661,51.83997547,51.15010071,47.91876315,84.22839355,78.76692588,39.97813034,39.74459807,46.29340363,45.51537507,84.22839355,39.97813034,44.25026321,55.15057297,0.802353644,78.76692588,39.74459807,39.02232781,52.75712753,0.739659827
96,Brunei Darussalam,527,373831,142,35,114.591,4.468,42.50815964,46.6244704,80.30162048,53.71436132,237.4835663,233.8831295,51.69373703,51.83339339,97.86851501,93.4325195,237.4835663,42.50815964,194.9754066,101.9711197,1.912064977,233.8831295,46.6244704,187.2586591,95.89757482,1.952694418
124,Canada,909351,32270507,19,21,-109.433,59.081,97.06909943,92.99144814,70.05412292,54.59999714,202.5387115,182.548387,48.67630005,49.83939396,91.70236206,89.89860618,202.5387115,48.67630005,153.8624115,102.0081192,1.508334951,182.548387,49.83939396,132.708993,93.97556648,1.412164863
116,Cambodia,17652,13955507,142,35,104.564,12.714,47.41244125,48.88856468,38.72011948,38.51306219,74.89180756,68.93636796,41.46338654,41.73980515,48.76799393,45.2491525,74.89180756,38.72011948,36.17168808,50.25114975,0.719818119,68.93636796,38.51306219,30.42330576,48.6653905,0.625152813
144,Sri Lanka,6463,19120763,142,34,80.704,7.612,47.97965622,48.41012014,39.10140991,39.73199977,88.99417877,80.82098266,46.73458099,46.38736344,125.8359451,99.67372024,125.8359451,39.10140991,86.73453522,69.72915421,1.243877632,99.67372024,39.73199977,59.94172047,63.00483725,0.951382832
178,Congo,34150,3609851,2,17,15.986,-0.055,50.08476639,46.50847105,50.39125061,37.33498572,75.58268738,66.30189869,39.59283066,39.7416685,70.87619781,61.11909574,75.58268738,39.59283066,35.98985672,57.30554657,0.628034438,66.30189869,37.33498572,28.96691297,50.20122394,0.57701607
180,Democratic Republic of the Congo,226705,58740547,2,17,23.654,-2.876,50.77067566,49.10403441,45.18107986,35.07600493,66.41874695,59.47630358,35.9600029,34.218566,53.28459167,47.01238327,66.41874695,35.9600029,30.45874405,50.32301941,0.605264636,59.47630358,34.218566,25.25773758,44.97745844,0.561564358
108,Burundi,2568,7858791,2,14,29.887,-3.356,43.46537781,40.84205165,63.278759,60.68032747,82.99019623,77.91570455,54.35557556,55.09823914,71.58975983,59.98846124,82.99019623,43.46537781,39.52481842,63.13593369,0.626027305,77.91570455,40.84205165,37.0736529,58.90495681,0.629380869
156,China,932743,1312978855,142,30,106.514,33.42,58.84526825,51.35348069,43.50326538,43.47151967,72.0803833,69.06530498,37.41534424,35.89823878,48.95039368,44.48030988,72.0803833,37.41534424,34.66503906,52.15893097,0.664604094,69.06530498,35.89823878,33.1670662,48.8537708,0.678904937
4,Afghanistan,65209,25067407,142,34,65.216,33.677,64.23366547,54.35148946,36.61281204,38.89692898,43.41729736,29.54795024,24.97684669,24.1349533,17.4658699,17.53089929,64.23366547,17.4658699,46.76779556,37.34129829,1.252441605,54.35148946,17.53089929,36.82059017,32.89244425,1.119423959
64,Bhutan,4700,637013,142,34,90.429,27.415,68.92513275,56.81821135,45.93311691,42.00008232,149.1031494,149.5596875,52.99904633,53.9601898,83.77839661,80.77024382,149.1031494,45.93311691,103.1700325,80.1477684,1.287247725,149.5596875,42.00008232,107.5596052,76.62168296,1.403775029
152,Chile,74880,16295102,19,5,-69.433,-23.389,54.34855652,50.60136427,47.43638611,29.15999795,102.3385696,70.43852347,51.03378296,30.33200346,97.82533264,82.93069956,102.3385696,47.43638611,54.90218353,70.59652557,0.777689597,82.93069956,29.15999795,53.77070161,52.69251774,1.020461802
120,Cameroon,46540,17795149,2,17,12.277,5.133,51.51511002,53.87251203,43.96813583,44.51999849,71.12552643,67.77598845,39.34934235,38.19823136,64.05871582,61.07546207,71.12552643,39.34934235,31.77618408,54.00336609,0.588411175,67.77598845,38.19823136,29.57775709,53.08843848,0.557141214
148,Chad,125920,10145609,2,17,18.665,15.361,35.97317505,37.99999995,35.40140915,35.2109929,26.3956337,16.17532876,16.40896797,15.25249957,16.6543045,13.95465605,35.97317505,16.40896797,19.56420708,26.16669807,0.747675806,37.99999995,13.95465605,24.0453439,23.71869545,1.013771772
174,Comoros,223,797902,2,14,43.337,-11.758,75.7167511,95.01171132,66.09840393,54.63479405,141.6141968,130.2176693,60.40837097,64.31370072,79.00418091,74.60560665,141.6141968,60.40837097,81.20582581,84.56838074,0.960238627,130.2176693,54.63479405,75.58287527,83.75669641,0.902409939
170,Colombia,103870,4494579,19,5,-73.076,3.9,58.04420853,54.49375505,101.1349716,61.99200585,115.5620346,94.70845126,51.42194748,46.02464156,56.25769806,46.60419108,115.5620346,51.42194748,64.14008713,76.48417206,0.83860602,94.70845126,46.02464156,48.6838097,60.76460896,0.801186917
188,Costa Rica,5106,4327228,19,13,-83.946,9.971,50.22769547,51.38195095,97.55825043,86.73028727,140.3853302,125.4385498,59.39730453,55.92526939,86.29698181,80.60713802,140.3853302,50.22769547,90.15763474,86.77311249,1.039004274,125.4385498,51.38195095,74.05659882,80.01663908,0.925514989
140,Central African Republic,62298,4191429,2,17,20.483,6.571,50.28097534,52.84486154,35.85740662,39.39599416,64.89412689,63.52599834,33.46679688,34.78827261,47.52005005,47.37422173,64.89412689,33.46679688,31.42733002,46.40387115,0.677256643,63.52599834,34.78827261,28.73772573,47.58586967,0.603913009
192,Cuba,10982,11259905,19,29,-77.781,21.297,49.9389534,49.19806272,47.88305283,51.29098008,102.3366013,89.07348601,52.77069092,51.76183454,47.20508194,42.53701111,102.3366013,47.20508194,55.13151932,60.02687607,0.918447251,89.07348601,42.53701111,46.5364749,56.77227489,0.819704248
132,Cape Verde,403,506807,2,11,-23.634,15.071,63.01704788,70.9996708,52.63595963,54.59970496,67.25924683,73.60235611,22.92947769,23.9709025,33.72518921,32.34118163,67.25924683,22.92947769,44.32976913,47.91338425,0.925206387,73.60235611,23.9709025,49.63145361,51.1027632,0.971208806
196,Cyprus,924,836321,142,145,33.219,35.043,54.96519852,47.5958217,41.79846191,41.10005513,50.57337189,46.33357821,31.03535652,30.96686335,33.6333847,32.42490899,54.96519852,31.03535652,23.929842,42.40115471,0.564367696,47.5958217,30.96686335,16.62895835,39.68424548,0.419031738
208,Denmark,4243,5416945,150,154,9.264,56.058,54.1554184,51.78133933,54.22642517,41.09997843,128.1424255,122.794766,45.83242416,45.54473225,104.89888,84.18631599,128.1424255,45.83242416,82.31000137,77.45111465,1.062734884,122.794766,41.09997843,81.69478756,69.0814264,1.182586866
262,Djibouti,2318,804206,2,14,42.516,11.9,35.92247009,37.99991266,19.14586067,15.32702836,26.47110748,26.25237808,12.93080425,12.9033054,23.27663803,23.64372675,35.92247009,12.93080425,22.99166584,23.54937611,0.976317408,37.99991266,12.9033054,25.09660726,23.22527025,1.080573315
212,Dominica,75,67827,19,29,-61.356,15.475,54.59705734,53.99223658,218.1120148,218.1119995,164.5788879,163.6292656,65.97379303,66.65392894,77.40828705,76.65154933,218.1120148,54.59705734,163.5149574,116.134008,1.407985139,218.1119995,53.99223658,164.1197629,115.807796,1.417173702
214,Dominican Republic,4838,9469601,19,29,-70.729,19.015,50.60458374,47.85824908,44.22635651,36.018002,93.52282715,85.60459694,56.61899185,57.39781973,78.00299835,53.75304299,93.52282715,44.22635651,49.29647064,64.59515152,0.763160539,85.60459694,36.018002,49.58659493,56.12634215,0.883481678
218,Ecuador,27684,13060993,19,5,-78.497,-1.385,55.40396881,54.63647048,69.66753387,62.55000296,138.4001923,125.9348513,56.01130676,54.13259929,74.82209778,62.19620765,138.4001923,55.40396881,82.99622345,78.8610199,1.052436597,125.9348513,54.13259929,71.80225206,71.89002634,0.998779048
818,Egypt,99545,72849793,2,15,29.872,26.494,24.78574944,19.17562038,15.21227932,13.54283953,11.03281307,8.616510437,11.05286217,9.80667869,14.91450596,13.48352232,24.78574944,11.03281307,13.75293636,15.39964199,0.893068577,19.17562038,8.616510437,10.55910994,12.92503427,0.816950247
372,Ireland,6889,4143294,150,154,-8.152,53.177,65.98436737,67.29473013,65.94732666,49.58935524,185.5988159,169.2467448,73.03585052,69.28993223,156.1364746,131.1553361,185.5988159,65.94732666,119.6514893,109.340567,1.094300977,169.2467448,49.58935524,119.6573896,97.31521969,1.229585567
226,Equatorial Guinea,2805,484098,2,17,10.488,1.607,55.7703476,55.8744441,41.42047119,44.5198933,94.56137085,83.33283659,44.94820023,45.47580058,88.33174133,76.77047795,94.56137085,41.42047119,53.14089966,65.00642624,0.817471483,83.33283659,44.5198933,38.81294329,61.1946905,0.634253445
233,Estonia,4239,1344312,150,154,25.793,58.674,59.70096588,57.71031318,74.77865601,43.33493554,164.5427246,162.3007865,65.79962158,66.2137294,87.29129028,74.91509823,164.5427246,59.70096588,104.8417587,90.42265167,1.15946344,162.3007865,43.33493554,118.9658509,80.89497256,1.470621068
232,Eritrea,10100,4526722,2,14,38.219,16.045,47.78463745,38.00105282,23.49331665,19.34714111,28.77838707,25.28266967,19.97223663,19.24371381,17.55019188,16.4099432,47.78463745,17.55019188,30.23444557,27.51575394,1.098804912,38.00105282,16.4099432,21.59110961,23.65690412,0.912676887
222,El Salvador,2072,6668356,19,13,-88.866,13.736,47.73408127,46.1244106,57.17502594,31.24200146,71.46185303,68.88278283,49.76716995,50.67243978,63.19942093,67.56579243,71.46185303,47.73408127,23.72777176,57.86751022,0.410036161,68.88278283,31.24200146,37.64078137,52.89748542,0.711579786
231,Ethiopia,1.00E+05,78985857,2,14,39.616,8.626,55.81103516,47.46164243,36.21522522,29.1270004,62.52059174,60.08694813,41.76711655,38.63647532,49.5391922,41.76837137,62.52059174,36.21522522,26.30536652,49.17063217,0.534981255,60.08694813,29.1270004,30.95994773,43.41608753,0.713098519
40,Austria,8245,8291979,150,155,14.912,47.683,84.4703598,80.44267259,59.90620041,56.88677682,125.4137878,127.2873745,59.25738144,63.33433709,93.19334412,95.9809904,125.4137878,59.25738144,66.1564064,84.44821472,0.783396151,127.2873745,56.88677682,70.40059766,84.78643028,0.830328597
203,Czech Republic,7727,10191762,150,151,15.338,49.743,58.42068481,55.50160621,50.16861343,51.20278833,94.89052582,85.94515221,43.96578979,42.30588007,72.64015198,62.14070747,94.89052582,43.96578979,50.92473602,64.01715317,0.795485796,85.94515221,42.30588007,43.63927214,59.41922686,0.734430157
254,French Guiana,8815,192099,19,5,-53.241,3.924,50.15847397,47.79219144,48.15720749,41.34659517,67.13426208,60.6144518,41.14036179,40.41333713,22.63136673,23.23863917,67.13426208,22.63136673,44.50289536,45.84433441,0.970739262,60.6144518,23.23863917,37.37581263,42.68104294,0.875700547
246,Finland,30459,5246004,150,154,26.272,64.504,108.2480469,120.2108961,93.45761108,91.5600021,201.061264,194.5288778,63.56420135,62.62288708,76.09015656,60.69415501,201.061264,63.56420135,137.4970627,108.484256,1.267437947,194.5288778,60.69415501,133.8347227,105.9233636,1.263505219
238,Falkland Islands (Malvinas),1217,2975,19,5,-58.694,-51.665,75.3441925,68.93637002,395.519989,395.519989,187.585083,181.7077335,63.22961426,65.21151385,176.2353668,174.0847526,395.519989,63.22961426,332.2903748,179.5828491,1.850345823,395.519989,65.21151385,330.3084752,177.0920718,1.865179349
250,France,55010,60990544,150,155,2.55,46.565,65.50338745,59.95255894,51.5718956,44.92802635,85.29164886,76.77666919,49.17908478,49.90866334,68.04146576,62.00000108,85.29164886,49.17908478,36.11256409,63.91749649,0.564987149,76.77666919,44.92802635,31.84864284,58.71318378,0.542444487
270,Gambia,1000,1617029,2,11,-15.386,13.453,42.18096924,40.55167955,35.80953979,26.11041165,55.88479614,46.49025725,21.30590248,21.13165657,44.00746536,45.70496796,55.88479614,21.30590248,34.57889366,39.8377346,0.867993474,46.49025725,21.13165657,25.35860068,35.99779459,0.70444873
266,Gabon,25767,1290693,2,17,11.797,-0.591,52.61320877,52.88472919,39.27015305,42.71761039,90.05072021,77.8746256,42.24079514,43.04930787,79.93002319,72.59792968,90.05072021,39.27015305,50.78056717,60.82098007,0.834918594,77.8746256,42.71761039,35.15701521,57.82484054,0.607991564
268,Georgia,6949,4473409,142,145,43.518,42.176,75.31362915,68.0011282,43.95042038,36.54927635,126.1792984,124.6820035,58.98043823,60.58053825,83.28536987,80.56381622,126.1792984,43.95042038,82.22887802,77.54183121,1.060445398,124.6820035,36.54927635,88.13272716,74.07535251,1.189771283
288,Ghana,22754,2253501,2,11,-1.207,7.96,49.3712883,45.67911709,37.66374588,37.12488979,45.883564,44.44342034,31.07424164,30.65097971,38.49756241,37.29406476,49.3712883,31.07424164,18.29704666,40.49808044,0.451800344,45.67911709,30.65097971,15.02813738,39.03849434,0.38495689
308,Grenada,34,105237,19,29,-61.678,12.118,33.5246315,33.69277339,63.36000443,63.36000061,114.5275345,106.0003478,57.71554184,60.11963991,69.59729004,69.86632076,114.5275345,33.5246315,81.00290298,67.74500046,1.19570304,106.0003478,33.69277339,72.30757439,66.60781649,1.085571907
304,Greenland,41045,57475,19,21,-41.391,74.719,93.49806213,103.9340326,45.36418152,46.0319955,218.0589447,216.4208848,45.6381073,56.34085473,115.191864,113.8726348,218.0589447,45.36418152,172.6947632,103.5502319,1.667739028,216.4208848,46.0319955,170.3888893,107.3200805,1.587670159
276,Germany,34895,82652369,150,155,9.851,51.11,59.43789673,55.650286,57.76326752,46.17760173,107.425209,100.9501805,46.9537735,49.35174615,76.07382965,72.86186533,107.425209,46.9537735,60.47143555,69.53079529,0.869707233,100.9501805,46.17760173,54.77257872,64.99833593,0.842676631
300,Greece,12890,11099737,150,39,21.766,39.666,59.91436386,52.46450239,45.69753265,41.10000388,78.45902252,73.39457896,37.7491684,36.46717475,47.32394028,43.65274984,78.45902252,37.7491684,40.70985413,53.82880554,0.75628381,73.39457896,36.46717475,36.9274042,49.41580196,0.747279266
320,Guatemala,10843,12709564,19,13,-90.398,15.256,57.58553696,50.45750394,64.88874054,49.63978485,95.90136719,87.9115506,56.91999817,56.56748489,54.37905121,50.90688867,95.90136719,54.37905121,41.52231598,65.93493881,0.629746789,87.9115506,49.63978485,38.27176575,59.09664259,0.647613199
324,Guinea,24572,9002656,2,11,-10.942,10.439,69.82164001,68.99997025,50.5148468,54.59997766,68.76268768,69.92646975,40.05680847,38.53906331,49.11797714,44.91632892,69.82164001,40.05680847,29.76483154,55.65479202,0.534811657,69.92646975,38.53906331,31.38740644,55.39636198,0.56659689
328,Guyana,19685,739472,19,5,-58.974,4.792,56.4128418,50.45968456,65.95287323,66.09600178,85.91851044,78.87338943,42.93481445,42.26659215,28.98967361,28.39776179,85.91851044,28.98967361,56.92883682,56.04174271,1.015829167,78.87338943,28.39776179,50.47562764,53.21868594,0.948456858
332,Haiti,2756,9296291,19,29,-72.278,19.142,46.32707977,44.68295053,37.28326797,26.64001173,84.08638,78.43650013,53.0809288,53.08324943,72.38465881,60.66536323,84.08638,37.28326797,46.80311203,58.63246307,0.798245709,78.43650013,26.64001173,51.7964884,52.70161501,0.982825448
340,Honduras,11189,683411,19,13,-86.863,14.819,50.74302673,50.82585036,50.87387848,49.52995126,101.8132477,90.22773229,56.85559464,56.49773034,64.65284729,64.48000801,101.8132477,50.74302673,51.07022095,64.98771896,0.785844184,90.22773229,49.52995126,40.69778102,62.31225445,0.653126442
191,Croatia,5592,4455149,150,39,16.693,45.723,77.78030396,76.37232376,48.95699692,44.00001256,98.66201782,88.7578255,55.4722023,51.34602514,64.7946701,59.05627772,98.66201782,48.95699692,49.7050209,69.13323822,0.718974291,88.7578255,44.00001256,44.75781295,63.90649294,0.700364093
348,Hungary,9210,10086387,150,151,19.134,47.07,58.57397079,56.2607326,61.96765518,57.21607514,70.71994781,68.16413708,41.29595566,41.66006101,48.20864105,48.21050532,70.71994781,41.29595566,29.42399216,56.1532341,0.523994613,68.16413708,41.66006101,26.50407607,54.30230223,0.488083838
352,Iceland,10025,295732,150,154,-18.48,64.764,159.4516449,137.2720903,64.73792267,62.85164039,171.0125732,164.0162839,91.07180786,94.16777464,153.5785828,141.1438959,171.0125732,64.73792267,106.2746506,127.9705063,0.830462062,164.0162839,62.85164039,101.1646435,119.890337,0.843809818
356,India,297319,1134403141,142,34,79.619,22.881,47.89056015,43.72396948,38.04170227,38.22000472,61.83397675,53.48916719,30.27469635,29.58975945,26.28883743,25.12834381,61.83397675,26.28883743,35.54513931,40.86595459,0.869798336,53.48916719,25.12834381,28.36082338,38.03024893,0.745743827
364,Iran (Islamic Republic of),163620,69420607,142,34,54.301,32.565,41.03147125,37.42090335,39.56729126,41.32561875,25.77710915,18.0319513,19.98626709,18.37905457,18.6134491,11.1885004,41.03147125,18.6134491,22.41802216,28.99511757,0.773165417,41.32561875,11.1885004,30.13711835,25.26920567,1.192642093
376,Israel,2171,6692037,142,145,34.851,31.026,32.9313736,37.98645367,39.98680496,40.09512521,27.71355629,20.6457928,22.21619225,21.5931792,30.3668766,19.40161766,39.98680496,22.21619225,17.77061272,30.64296074,0.579924795,40.09512521,19.40161766,20.69350755,27.94443371,0.740523417
380,Italy,29411,5864636,150,39,10.44,44.931,57.7401123,51.25617274,42.87548065,39.42975655,91.11614227,77.38709513,45.20463562,43.06379169,58.48082733,55.55501383,91.11614227,42.87548065,48.24066162,59.08343964,0.816483636,77.38709513,39.42975655,37.95733857,53.33836599,0.711632947
384,Cote d'Ivoire,31800,18584701,2,11,-5.556,7.632,46.06776428,46.89721108,36.50815582,39.73515613,50.35044861,48.63854245,32.34233856,32.78865299,37.19624329,35.90892813,50.35044861,32.34233856,18.00811005,40.49299011,0.444721667,48.63854245,32.78865299,15.84988946,40.79369816,0.388537695
368,Iraq,43737,27995984,142,145,43.772,33.048,28.5219059,18.19129174,23.55580139,20.67000104,20.28261185,15.30198932,17.60606003,15.35761967,28.24256516,24.47684689,28.5219059,17.60606003,10.91584587,23.64178886,0.461718271,24.47684689,15.30198932,9.174857574,18.79954973,0.488036028
392,Japan,36450,12789674,142,30,139.068,36.491,88.26892853,79.4142644,67.48191071,54.59999414,159.6294556,157.0142546,64.27736664,65.43429339,72.35298157,71.03377609,159.6294556,64.27736664,95.35208893,90.4021286,1.054754909,157.0142546,54.59999414,102.4142605,85.49931653,1.197837183
388,Jamaica,1083,2682469,19,29,-77.32,18.151,58.65851974,57.18976981,56.92173386,62.00540135,104.2260513,97.46601877,63.53989792,65.77154606,46.36728287,41.6142321,104.2260513,46.36728287,57.85876846,65.94269714,0.877409796,97.46601877,41.6142321,55.85178667,64.80939362,0.861785361
400,Jordan,8824,5544066,142,145,36.319,30.703,23.95787621,18.19130447,40.4695549,43.39197268,13.67994976,12.25294868,13.70446968,10.96943982,15.36126137,11.82533873,40.4695549,13.67994976,26.78960514,21.43462238,1.249828649,43.39197268,10.96943982,32.42253286,19.32620088,1.677646479
404,Kenya,56914,35598952,2,14,37.858,0.53,40.00671768,38.45168336,35.26581192,28.53899881,45.35684204,37.56338996,29.80737495,25.63790142,40.90867615,34.44547578,45.35684204,29.80737495,15.54946709,38.26908455,0.406319285,38.45168336,25.63790142,12.81378193,32.92748987,0.389151496
417,Kyrgyzstan,19180,5203547,142,143,74.555,41.465,78.72209167,71.66666539,43.49415588,48.87832716,105.2654495,106.9616139,42.58885956,43.88146572,76.62349701,79.53273813,105.2654495,42.58885956,62.67658997,69.33881073,0.903917868,106.9616139,43.88146572,63.08014819,70.18416206,0.898780385
408,"Korea, Democratic People's Republic of",12041,23615611,142,30,126.451,39.778,102.4258423,117.4999614,54.03731918,54.59999601,116.8671341,117.0383881,49.92587662,49.66335974,89.18016052,84.4439015,116.8671341,49.92587662,66.94125748,82.48726654,0.811534438,117.4999614,49.66335974,67.83660165,84.64912134,0.801385774
410,"Korea, Republic of",9873,47869837,142,30,128.103,36.504,86.58026886,95.48310382,50.04148102,54.59999203,102.0766296,96.69934399,42.85045242,43.12824186,38.65026474,33.45598103,102.0766296,38.65026474,63.4263649,64.03981934,0.990420734,96.69934399,33.45598103,63.24336296,64.67333255,0.977889347
414,Kuwait,1782,2700,142,145,47.376,29.476,17.40424919,15.09935269,18.14658546,16.62272814,11.04243088,10.51197265,9.937930107,10.22359011,12.82367516,12.59955987,18.14658546,9.937930107,8.208655357,13.87097416,0.591786508,16.62272814,10.22359011,6.399138032,13.01144069,0.491808569
398,Kazakhstan,269970,15210609,142,143,67.301,48.16,51.21451569,48.72657695,38.64863586,44.89199613,77.89810181,76.48306127,35.56193924,37.47078621,47.9634819,44.68379817,77.89810181,35.56193924,42.33616257,50.2573349,0.842387736,76.48306127,37.47078621,39.01227506,50.45124375,0.773266864
418,Lao People's Democratic Republic,23080,566391,142,35,102.471,19.905,48.47406387,51.76767,41.66376495,41.99999752,83.97092438,78.28560423,46.86965179,47.84836468,56.73038483,58.40346266,83.97092438,41.66376495,42.30715942,55.54175797,0.761718047,78.28560423,41.99999752,36.2856067,55.66101982,0.651903375
422,Lebanon,1023,401074,142,145,35.888,33.92,59.01823807,45.70132822,45.54989624,48.7221542,56.23608398,53.13550207,36.31760788,37.33651477,57.41344452,56.24999459,59.01823807,36.31760788,22.70063019,50.90705414,0.445923076,56.24999459,37.33651477,18.91347983,48.22909877,0.392159097
428,Latvia,6205,2301793,150,154,25.641,56.858,63.23921967,60.46681891,53.30345535,38.34600805,174.5412292,167.4343269,53.30289841,57.43894703,77.0941391,68.4968548,174.5412292,53.30289841,121.2383308,84.29618835,1.438242146,167.4343269,38.34600805,129.0883188,78.43659113,1.645766561
112,Belarus,20748,9795287,150,151,28.047,53.54,65.4934082,62.17214419,74.16210938,48.96000165,136.8848877,127.8202239,34.97006226,34.75873058,66.11127472,58.77163358,136.8848877,34.97006226,101.9148254,75.52434845,1.349430052,127.8202239,34.75873058,93.06149335,66.49654679,1.399493626
440,Lithuania,6268,3425077,150,154,23.897,55.336,57.54236603,57.45331554,52.64123154,42.30001717,138.3786011,131.967595,39.59224319,36.39113013,65.7252121,61.98229195,138.3786011,39.59224319,98.78635788,70.77593079,1.395762045,131.967595,36.39113013,95.57646491,66.01886996,1.447714342
430,Liberia,9632,3441796,2,11,-9.657,6.682,51.40044403,48.86931551,43.89234543,42.07763621,65.9100647,64.16113728,41.87780762,42.24798242,50.79136276,45.14197198,65.9100647,41.87780762,24.03225708,50.77440491,0.473314402,64.16113728,42.07763621,22.08350107,48.49960868,0.455333593
703,Slovakia,4808,5386995,150,151,19.491,48.707,73.30186462,72.16063521,51.75472641,50.27400661,97.06317139,91.29738956,49.6986084,50.02892268,65.62334442,58.46099318,97.06317139,49.6986084,47.36456299,67.48834305,0.70181843,91.29738956,50.02892268,41.26846689,64.44438945,0.640373309
438,Liechtenstein,16,34598,150,155,9.555,47.153,56.34436035,65.10664481,26.1126194,22.1012806,143.651062,141.082244,62.49150848,64.67885417,119.5161591,100.5186609,143.651062,26.1126194,117.5384426,81.62314186,1.440013701,141.082244,22.1012806,118.9809634,78.69753689,1.511876586
434,Libyan Arab Jamahiriya,175954,5918217,2,15,18.023,27.044,18.4349575,14.45741488,20.10793304,16.20599988,10.3956871,9.914774033,10.92670822,9.923049292,13.66424084,13.7657343,20.10793304,10.3956871,9.712245941,14.70590534,0.660431692,16.20599988,9.914774033,6.291225851,12.85339448,0.489460264
450,Madagascar,58154,18642586,2,14,46.706,-19.374,48.38208008,47.86733054,41.51070023,43.15848844,61.17172623,49.81950908,39.96718979,36.70133943,69.78816986,65.90867016,69.78816986,39.96718979,29.82098007,52.16397324,0.571677697,65.90867016,36.70133943,29.20733073,48.69106753,0.599849874
474,Martinique,106,395896,19,29,-61.021,14.653,57.06269073,56.12765729,161.4671478,173.6592954,122.247818,121.3326922,57.2908783,58.72845505,69.04763031,66.03236475,161.4671478,57.06269073,104.4044571,93.42323303,1.117542754,173.6592954,56.12765729,117.5316381,95.17609294,1.234886141
496,Mongolia,156650,2580704,142,30,102.876,46.056,49.08241272,49.52258045,44.21360016,44.89199372,67.93405914,55.39064931,32.21463776,26.33479334,52.49210739,52.59987754,67.93405914,32.21463776,35.71942139,49.18736343,0.726191015,55.39064931,26.33479334,29.05585597,45.74797887,0.635128735
500,Montserrat,10,5628,19,29,-62.187,16.736,55.247509,54.25073599,218.1119843,218.1119995,105.525589,105.564734,54.91059494,55.59762367,63.51725388,62.18474454,218.1119843,54.91059494,163.2013893,99.46258621,1.64083195,218.1119995,54.25073599,163.8612635,99.14196755,1.652794145
807,The former Yugoslav Republic of Macedonia,2543,2033655,150,39,21.698,41.6,70.46124268,63.30750297,46.96052933,38.96504553,83.97473145,74.67636212,39.02331543,35.58001778,65.39823151,59.80970491,83.97473145,39.02331543,44.95141602,61.16361008,0.73493726,74.67636212,35.58001778,39.09634434,54.46772666,0.717789171
466,Mali,122019,1161109,2,11,-3.524,17.35,32.72436142,31.92965475,29.25286102,21.3000055,21.79806709,13.14719071,16.35050011,15.30001787,15.1883831,15.26052375,32.72436142,15.1883831,17.53597832,23.06283455,0.760356594,31.92965475,13.14719071,18.78246403,19.38747852,0.968793545
504,Morocco,44630,30494991,2,15,-5.758,32.706,38.12692261,36.72751756,34.75423813,26.83799627,28.57228661,23.20802167,20.1724987,18.0131183,29.50424767,18.1802424,38.12692261,20.1724987,17.9544239,30.22603874,0.594005191,36.72751756,18.0131183,18.71439926,24.59337924,0.760952738
480,Mauritius,203,1241173,2,14,57.583,-20.255,75.91938019,83.55661809,66.16841888,59.78281201,118.2698975,113.3497598,51.73540497,56.41808018,65.95875549,66.09267624,118.2698975,51.73540497,66.53449249,75.6103714,0.879965159,113.3497598,56.41808018,56.93167962,75.83998926,0.750681536
478,Mauritania,102522,2963105,2,11,-10.332,20.26,34.55638885,37.99998975,35.1958847,31.51178874,10.64651966,8.755354373,12.14261627,11.88864498,11.58767414,12.5565266,35.1958847,10.64651966,24.54936504,20.82581673,1.178794828,37.99998975,8.755354373,29.24463538,20.54246089,1.423618891
470,Malta,32,402617,150,39,14.442,35.89,39.14089203,47.12357279,39.73199844,39.73199844,72.87676239,71.46221786,26.49748802,31.23351074,54.91400146,54.16285696,72.87676239,26.49748802,46.37927437,46.63222847,0.994575552,71.46221786,31.23351074,40.22870712,48.74283136,0.825325612
512,Oman,30950,2507042,142,145,57.407,21.656,16.89208794,14.24932121,19.55657387,15.64800207,10.48227692,9.908332668,11.66617298,11.98344324,15.74883938,15.62436828,19.55657387,10.48227692,9.074296951,14.86919022,0.610275127,15.64800207,9.908332668,5.739669402,13.48269349,0.425706437
484,Mexico,190869,104266392,19,13,-102.535,23.951,62.14697647,54.49682291,114.1960068,68.56722815,58.24673843,55.43925306,35.89868164,34.16967561,36.72590256,33.70537883,114.1960068,35.89868164,78.29732513,61.44286118,1.274311183,68.56722815,33.70537883,34.86184932,49.27567171,0.707486029
458,Malaysia,32855,25652985,142,35,102.195,4.201,46.65099335,49.23882709,49.68185043,42.00000449,163.5757446,141.9559749,52.06601715,51.49055533,103.7786713,84.89215626,163.5757446,46.65099335,116.9247513,83.15065536,1.406179552,141.9559749,42.00000449,99.95597044,73.91550362,1.352300472
508,Mozambique,78409,20532675,2,14,37.923,-14.422,50.40758133,49.3937213,34.65457535,28.49999953,43.6896019,41.94880961,27.85671806,27.05151295,49.60714722,47.3923396,50.40758133,27.85671806,22.55086327,41.24312477,0.546778727,49.3937213,27.05151295,22.34220835,38.8572766,0.574981324
454,Malawi,9408,13226091,2,14,33.808,-13.4,57.82362366,53.15884513,47.58746338,44.5200046,45.37525558,41.75911886,29.51333237,26.57861504,39.11865616,37.89983719,57.82362366,29.51333237,28.31029129,43.88366623,0.645121379,53.15884513,26.57861504,26.58023009,40.78328416,0.651743248
540,New Caledonia,1828,234185,9,54,165.447,-21.359,48.07705307,48.04952027,50.09742355,51.80999643,114.2339401,105.3646901,57.54117203,58.42181463,68.20753479,67.52019435,114.2339401,48.07705307,66.15688705,67.63142471,0.978197448,105.3646901,48.04952027,57.31516979,66.23324315,0.865353515
562,Niger,126670,1326419,2,11,9.398,17.426,26.93535423,16.95420522,23.59760666,18.44999951,14.63891697,11.40542336,14.16345882,13.68941385,10.90161133,12.23771885,26.93535423,10.90161133,16.0337429,18.0473896,0.88842449,18.44999951,11.40542336,7.044576154,14.54735216,0.484251435
56,Belgium,0,10398049,150,155,4.664,50.643,53.4667778,48.06686367,50.62648773,50.8315985,78.2305603,67.46386594,45.0725708,43.93156483,80.11885834,75.32996494,80.11885834,45.0725708,35.04628754,61.50305099,0.569830065,75.32996494,43.93156483,31.39840011,57.12477157,0.549645963
344,Hong Kong,0,7057418,142,30,114.129,22.423,39.56442642,27.54626761,41.2938385,41.1612472,70.32416534,69.32759097,31.91278076,41.25545523,38.96482468,38.82540265,70.32416534,31.91278076,38.41138458,44.41200714,0.864887382,69.32759097,27.54626761,41.78132335,43.62319273,0.957777749
234,Faroe Islands,0,48205,150,154,-6.864,62.05,130.2651825,126.4497576,61.31999969,61.31999969,255.6820068,252.720648,65.47660828,68.24218378,360.9251709,370.3809583,360.9251709,61.31999969,299.6051712,174.7337936,1.714637821,370.3809583,61.31999969,309.0609586,175.8227095,1.757798862
20,Andorra,0,73483,150,39,1.576,42.549,89.19915009,92.09615539,81.34389496,79.91699283,133.7640076,131.3535,61.70378876,61.68409179,126.3873672,121.943758,133.7640076,61.70378876,72.06021881,98.47964172,0.731727061,131.3535,61.68409179,69.66940825,97.39889961,0.715299747
833,Isle of Man,0,78357,150,154,-4.527,54.229,56.60044098,60.18267158,69.87845612,60.5749107,195.7411804,196.6736042,56.90452194,71.29915964,125.0504837,103.6899149,195.7411804,56.60044098,139.1407394,100.8350166,1.379885124,196.6736042,60.18267158,136.4909326,98.48405219,1.385919137
442,Luxembourg,0,456613,150,155,6.088,49.771,61.17521286,62.6385691,43.88005447,43.17568823,103.8352661,104.9160956,54.2913208,57.9570388,90.69081879,87.62466145,103.8352661,43.88005447,59.95521164,70.77453461,0.847129719,104.9160956,43.17568823,61.74040736,71.26241063,0.866381123
492,Monaco,0,325,150,155,7.412,43.75,31.20921326,31.96126838,27.8605175,27.55902138,96.40947723,97.49042388,47.85840225,54.01867225,69.92889404,69.70947108,96.40947723,27.8605175,68.54895973,54.65330086,1.254251045,97.49042388,27.55902138,69.9314025,56.14777139,1.245488481
499,Montenegro,0,607969,150,39,19.254,42.792,99.27696991,97.918338,62.55660248,62.79016451,144.7871552,143.1092404,67.69900513,69.80815631,82.6465683,83.26399364,144.7871552,62.55660248,82.23055267,91.39326019,0.899744166,143.1092404,62.79016451,80.31907588,91.37797857,0.878976282
175,Mayotte,0,0,2,14,45.155,-12.777,55.03294373,54.76633055,44.52000046,44.52000046,89.9152832,85.78065784,43.58599091,44.79659919,67.55381012,61.01395509,89.9152832,43.58599091,46.3292923,60.12160568,0.770593063,85.78065784,44.52000046,41.26065738,58.17550863,0.709244463
548,Vanuatu,1219,215366,9,54,166.899,-15.376,49.20550156,49.56812167,51.3634758,42.09009917,146.2736053,137.3975139,61.89234543,63.24535304,72.86810303,70.14199318,146.2736053,49.20550156,97.06810379,76.32060623,1.271846603,137.3975139,42.09009917,95.3074147,72.48861619,1.314791476
566,Nigeria,91077,141356083,2,11,8.105,9.594,48.46180344,43.80249158,34.96100235,32.85599519,47.24357224,43.43807264,23.88711166,22.60958794,29.36440086,23.56228282,48.46180344,23.88711166,24.57469177,36.78357811,0.66808867,43.80249158,22.60958794,21.19290365,33.25368603,0.63730991
528,Netherlands,3388,1632769,150,155,5.389,52.077,48.24319839,47.00696551,81.95578003,77.42096785,148.4450378,130.9251797,53.37233734,64.33729266,92.0793457,86.36195731,148.4450378,48.24319839,100.2018394,84.81913986,1.181358825,130.9251797,47.00696551,83.91821417,81.2104726,1.033342271
578,Norway,30625,4638836,150,154,8.74,61.152,117.9331207,117.4612585,62.30001068,61.73760804,172.7009735,169.8436668,66.33585358,66.76311878,136.752655,126.3698205,172.7009735,62.30001068,110.4009628,111.2045227,0.992774036,169.8436668,61.73760804,108.1060587,108.4350945,0.996965597
524,Nepal,14300,27093656,142,34,83.939,28.253,67.93987274,60.87918675,51.44710922,56.30699025,104.1977386,92.20183047,41.84877014,40.14546134,59.77867889,31.84094843,104.1977386,41.84877014,62.34896851,65.04243393,0.958589105,92.20183047,31.84094843,60.36088204,56.27488345,1.072607855
740,Suriname,15600,452468,19,5,-55.912,4.127,49.86528397,45.04952725,56.74355698,45.09940822,68.73225403,60.84579752,40.85530472,39.49983427,26.48761749,26.01140388,68.73225403,26.48761749,42.24463654,48.53680344,0.870362973,60.84579752,26.01140388,34.83439365,43.30119423,0.804467273
558,Nicaragua,12140,5462539,19,13,-85.034,12.84,49.0344429,49.99632829,65.05779266,83.19406459,95.25336456,82.50353138,52.74305725,52.63976975,49.78119659,49.50570799,95.25336456,49.0344429,46.21892166,62.37397079,0.740996943,83.19406459,49.50570799,33.6883566,63.5678804,0.529958784
554,New Zealand,26799,4097112,9,53,172.235,-42.634,53.14783859,47.0799024,56.61268234,56.54997844,168.509491,158.4575681,88.53395081,85.63344152,89.88034821,88.32380612,168.509491,53.14783859,115.3616524,91.33686218,1.263034985,158.4575681,47.0799024,111.3776657,87.20893932,1.277135883
600,Paraguay,39730,5904342,19,5,-58.391,-23.236,47.8771286,41.18178793,38.87474823,44.91087316,74.29605865,70.80458339,35.58244324,34.96835872,34.61316681,32.85224901,74.29605865,34.61316681,39.68289185,46.24870911,0.858032421,70.80458339,32.85224901,37.95233438,44.94357044,0.844444133
604,Peru,128000,27274266,19,5,-75.552,-9.326,60.96899414,53.42861949,64.69113922,60.14700691,112.7130737,93.03808164,48.05591965,50.03193904,78.29380798,71.31493352,112.7130737,48.05591965,64.65715408,72.94458694,0.886387281,93.03808164,50.03193904,43.0061426,65.59211612,0.65566024
586,Pakistan,77088,158080591,142,34,69.386,29.967,57.94471741,40.45847592,35.78492737,32.34001876,34.20737457,23.81307811,17.70192909,15.05534956,32.6653862,30.56028789,57.94471741,17.70192909,40.24278831,35.66086693,1.128485979,40.45847592,15.05534956,25.40312637,28.44544205,0.89304734
616,Poland,30629,38195558,150,151,19.401,52.125,57.69556808,54.00000304,66.23271942,51.0919287,98.11800385,90.90144543,31.32780075,29.45830835,56.8536377,51.26514169,98.11800385,31.32780075,66.79020309,62.04554596,1.076470552,90.90144543,29.45830835,61.44313708,55.34336544,1.110216854
591,Panama,7443,3231502,19,13,-80.92,8.384,49.88968658,51.56151008,65.63795471,60.80159706,120.0307617,114.0046633,51.28829956,49.14022965,37.15734863,32.33599999,120.0307617,37.15734863,82.87341309,64.80081024,1.278894705,114.0046633,32.33599999,81.6686633,61.56880001,1.326461833
620,Portugal,9150,10528226,150,39,-8.058,40.309,49.84456253,47.92519874,57.4291153,54.98390754,74.16919708,68.84064279,39.968647,37.89258329,52.16488266,43.58262235,74.16919708,39.968647,34.20055008,54.71528091,0.625063959,68.84064279,37.89258329,30.9480595,50.64499094,0.611078389
598,Papua New Guinea,45286,6069715,9,54,143.459,-5.949,57.0026474,53.03252846,66.17469025,56.55001202,184.3675995,170.9867535,64.45057678,56.60888891,78.56998444,66.95952811,184.3675995,57.0026474,127.3649521,90.11309967,1.413389979,170.9867535,53.03252846,117.954225,80.8275422,1.459332077
624,Guinea-Bissau,2812,1596929,2,11,-14.651,12.125,53.06089783,41.60048957,40.30062103,26.96999743,74.55046082,69.99471665,27.54011917,28.56333971,46.03292847,44.03621452,74.55046082,27.54011917,47.01034164,48.29700546,0.973359346,69.99471665,26.96999743,43.02471922,42.23295158,1.018747628
634,Qatar,1100,796186,142,145,51.191,25.316,17.10447502,14.24936688,20.77877998,15.64804143,7.495732307,6.771325141,7.686802864,8.153438059,14.19936657,14.09090967,20.77877998,7.495732307,13.28304768,13.45303135,0.987364656,15.64804143,6.771325141,8.87671629,11.78261624,0.753373963
638,Reunion,250,785159,2,14,55.538,-21.122,73.32953644,71.87480742,52.76586533,53.17232374,232.7216644,232.6674653,68.97403717,69.31433591,81.70018005,81.65145804,232.7216644,52.76586533,179.9557991,101.8982567,1.76603413,232.6674653,53.17232374,179.4951415,101.7360781,1.764321418
642,Romania,22987,21627557,150,151,24.969,45.844,60.08181,57.24085003,52.63539886,49.83734846,92.7587738,81.68620866,40.7115097,39.38370601,52.79050064,46.94147822,92.7587738,40.7115097,52.0472641,59.7955986,0.870419652,81.68620866,39.38370601,42.30250265,55.01791828,0.768885919
498,Republic of Moldova,3288,3876661,150,151,28.599,47.193,53.08322525,52.70852543,71.69774628,73.08000641,85.68198395,85.01098578,48.35108185,50.12868339,55.82624435,56.82086834,85.68198395,48.35108185,37.3309021,62.92805634,0.59323145,85.01098578,50.12868339,34.8823024,63.54981387,0.548897003
608,Philippines,29817,84566163,142,35,122.466,11.118,45.80374908,45.40362365,48.1884346,41.3219977,116.8591385,101.1937685,52.93479156,53.48693287,48.40318298,37.99999653,116.8591385,45.80374908,71.0553894,62.43785934,1.138017705,101.1937685,37.99999653,63.19377193,55.88126384,1.130857958
630,Puerto Rico,887,3946779,19,29,-66.466,18.221,49.9345932,51.17265316,64.87328339,61.12091118,101.5943985,97.662389,60.89376068,67.06815287,63.89216614,61.25463309,101.5943985,49.9345932,51.6598053,68.23764038,0.757057322,97.662389,51.17265316,46.48973584,67.65574786,0.687151311
643,Russia,1638094,143953092,150,151,96.689,61.988,96.0848999,88.51912426,80.58957672,73.92796871,201.7835846,183.1929116,57.7747879,57.89994043,91.33294678,83.20623644,201.7835846,57.7747879,144.0087967,105.5131592,1.364842052,183.1929116,57.89994043,125.2929712,97.34923629,1.287046267
646,Rwanda,2467,9233793,2,14,29.917,-1.998,43.65302277,44.54434308,97.34443665,103.6834031,99.05510712,91.18134715,61.67475891,59.9084237,90.51795197,79.69781889,99.05510712,43.65302277,55.40208435,78.44905548,0.706217354,103.6834031,44.54434308,59.13906006,75.80306719,0.780167113
682,Saudi Arabia,214969,2361236,142,145,44.585,24.023,21.96755791,14.24931803,26.68972015,19.9533802,10.70205212,10.15529765,10.30958843,9.907772569,14.10387516,13.87812793,26.68972015,10.30958843,16.38013172,16.75455875,0.97765223,19.9533802,9.907772569,10.04560763,13.62877928,0.737087851
659,Saint Kitts and Nevis,36,49138,19,29,-62.769,17.34,52.02954865,53.20054948,218.1120148,218.1119995,102.955864,102.1640298,50.09224701,56.62233982,68.32271576,68.831546,218.1120148,50.09224701,168.0197678,98.30247803,1.709211926,218.1119995,53.20054948,164.91145,99.78609292,1.652649635
710,South Africa,121447,47938663,2,18,23.121,-30.558,54.59622574,47.5609763,24.08912659,22.56683049,34.76023102,29.48042381,24.18193817,22.52021684,34.75314331,26.51307059,54.59622574,24.08912659,30.50709915,34.47613297,0.884875899,47.5609763,22.52021684,25.04075947,29.72830361,0.842320497
426,Lesotho,3035,1980831,2,18,28.243,-29.581,73.47902679,68.9999954,52.01448059,54.59999313,67.41444397,68.72749592,46.85269547,40.64501508,90.38026428,92.76313129,90.38026428,46.85269547,43.52756882,66.02818222,0.659227126,92.76313129,40.64501508,52.11811622,65.14712616,0.800006375
72,Botswana,56673,1835938,2,18,23.815,-22.182,42.66711426,43.65560535,12.40829754,8.586003601,15.84033298,13.53738116,14.35468674,14.10509568,16.42054176,15.96334126,42.66711426,12.40829754,30.25881672,20.33819466,1.487782826,43.65560535,8.586003601,35.06960175,19.16948541,1.829449304
686,Senegal,19253,1177034,2,11,-14.881,15.013,43.3073082,39.62735179,22.18683052,19.6949669,38.29296494,37.98712549,19.06166077,18.6507549,20.3679924,19.63171797,43.3073082,19.06166077,24.24564743,28.64335136,0.846466851,39.62735179,18.6507549,20.9765969,27.11838341,0.773519445
705,Slovenia,2014,1999425,150,39,14.827,46.124,90.91318512,80.46775474,59.47074127,56.54996773,124.8590317,123.9697084,69.26431274,71.83410684,106.7759399,105.2620005,124.8590317,59.47074127,65.38829041,90.25664215,0.724470674,123.9697084,56.54996773,67.4197407,87.61670766,0.769484982
694,Sierra Leone,7162,5586403,2,11,-11.792,8.56,59.69213867,51.56693442,48.70849228,44.52000606,71.33066559,70.06596193,43.89678955,43.38507136,59.53616333,57.24029129,71.33066559,43.89678955,27.43387604,56.63284988,0.484416308,70.06596193,43.38507136,26.68089058,53.35565301,0.500057427
702,Singapore,67,4327468,142,35,103.808,1.351,34.07775497,27.00782719,27.82835388,27.81925787,248.2204895,252.8696953,25.11563492,40.35635789,185.3185577,186.8332949,248.2204895,25.11563492,223.1048546,104.1121582,2.142927958,252.8696953,27.00782719,225.8618681,106.9772866,2.111306757
706,Somalia,62734,8196395,2,14,48.316,9.774,40.68468475,37.80508399,19.72642517,15.98231025,29.02747726,28.4596644,22.80988312,23.13828792,30.25097847,29.75770881,40.68468475,19.72642517,20.95825958,28.49988976,0.735380374,37.80508399,15.98231025,21.82277374,27.02861107,0.807395307
724,Spain,49904,43397491,150,39,-3.649,40.227,52.41723633,43.07228279,45.56833649,35.57400235,65.90302277,56.3773363,38.02372742,32.88211348,46.85785294,38.38989097,65.90302277,38.02372742,27.87929535,49.75403519,0.560342397,56.3773363,32.88211348,23.49522283,41.25912518,0.569455187
662,Saint Lucia,61,16124,19,29,-60.969,13.898,42.4222374,45.07002831,62.80598068,62.71870567,116.702507,110.468947,59.80353546,61.60938609,73.04999542,73.35955258,116.702507,42.4222374,74.28026962,70.9568512,1.046837175,110.468947,45.07002831,65.39891869,70.64532393,0.925735987
736,Sudan,237600,36899747,2,15,30.05,13.832,36.60809326,34.72600783,26.46453476,24.64769263,29.85605621,21.04222549,18.49328232,16.31211357,18.47872543,14.21475823,36.60809326,18.47872543,18.12936783,25.9801384,0.697816445,34.72600783,14.21475823,20.51124959,22.18855955,0.924406541
752,Sweden,41033,9038049,150,154,15.27,62.011,121.1203232,125.8907112,183.8155365,222.9209732,187.7402802,181.7673913,63.47079849,62.84460318,63.43383789,61.62682525,187.7402802,63.43383789,124.3064423,123.9161552,1.003149606,222.9209732,61.62682525,161.294148,131.0101008,1.231158109
760,Syrian Arab Republic,18378,18893881,142,145,38.506,35.013,34.05403137,33.63690616,31.65017128,22.00801165,24.01650429,19.33771419,17.84091759,17.96155956,31.68406296,28.78279184,34.05403137,17.84091759,16.21311378,27.8491375,0.582176514,33.63690616,17.96155956,15.6753466,24.34539668,0.643873123
756,Switzerland,4000,7424389,150,155,7.908,46.861,83.29873657,79.69984164,57.3271904,54.1907168,143.1367645,144.2706437,65.95375061,67.92876158,89.47764587,88.91796275,143.1367645,57.3271904,85.80957413,87.8388176,0.976898101,144.2706437,54.1907168,90.07992686,87.00158529,1.035382592
780,Trinidad and Tobago,513,1323722,19,29,-61.253,10.468,51.24020004,55.99858255,65.8521347,76.20631024,89.86549377,84.36609684,52.25740433,54.64515347,26.16378021,26.33696979,89.86549377,26.16378021,63.70171356,57.07580261,1.116089668,84.36609684,26.33696979,58.02912705,59.51062258,0.97510536
764,Thailand,51089,63002911,142,35,100.844,15.7,45.87294769,45.74231346,39.83760834,41.99999637,69.63245392,64.9931545,39.54076385,38.28764634,57.84777832,42.99999897,69.63245392,39.54076385,30.09169006,50.54631042,0.595329111,64.9931545,38.28764634,26.70550816,46.80462193,0.570574167
762,Tajikistan,13996,6550213,142,143,69.42,38.665,74.59282684,71.24925751,33.19321442,29.16001608,73.38859558,52.9210096,36.8102951,39.76498543,49.06983948,49.28139901,74.59282684,33.19321442,41.39961243,53.41095428,0.775114637,71.24925751,29.16001608,42.08924142,48.47533353,0.868260997
768,Togo,5439,6238572,2,11,1.081,8.799,56.02386856,47.46145302,38.87000275,35.52159512,43.82235718,41.54795359,27.52171898,26.1416224,36.19862747,35.36716017,56.02386856,27.52171898,28.50214958,40.48731499,0.703977273,47.46145302,26.1416224,21.31983062,37.20795686,0.572991167
678,Sao Tome and Principe,96,152622,2,17,6.629,0.201,56.57291031,48.80266776,100.6716766,97.79219738,170.7908478,164.8027664,60.70505905,61.86333274,81.82034302,79.71003605,170.7908478,56.57291031,114.2179375,94.11216736,1.213636246,164.8027664,48.80266776,116.0000986,90.59420006,1.280436259
788,Tunisia,15536,10104685,2,15,9.596,35.383,31.67625046,22.54287257,22.91341591,14.65198742,23.15060234,15.74954897,17.19705772,12.71201121,28.23230171,16.46294381,31.67625046,17.19705772,14.47919273,24.63392563,0.587774476,22.54287257,12.71201121,9.83086136,16.4238728,0.59857145
792,Turkey,76963,72969723,142,145,35.179,39.061,59.76850891,47.76540771,39.82831192,41.0999973,75.3266983,67.15199751,41.0718956,40.52080314,33.08148193,30.44715393,75.3266983,33.08148193,42.24521637,49.81537933,0.848035625,67.15199751,30.44715393,36.70484358,45.39707192,0.808528877
795,Turkmenistan,46993,4833266,142,143,59.384,39.122,25.50556946,17.7714809,14.42333794,11.48400868,22.00766945,18.81581646,20.48637772,19.37612305,12.57177544,11.44365236,25.50556946,12.57177544,12.93379402,18.998946,0.680763766,19.37612305,11.44365236,7.932470695,15.77821629,0.502748254
834,United Republic of Tanzania,88359,38477873,2,14,34.823,-6.27,50.64144135,47.75774773,59.42974091,51.761369,46.13712311,41.48351327,32.88300705,30.26138561,40.95934677,37.0964159,59.42974091,32.88300705,26.54673386,46.01013184,0.576975827,51.761369,30.26138561,21.49998339,41.6720863,0.515932493
800,Uganda,19710,28947181,2,14,32.386,1.28,51.8457756,47.03560055,39.90734863,37.45550392,80.61917877,77.61722291,50.89500809,48.62498108,52.29062271,46.88690349,80.61917877,39.90734863,40.71183014,55.11158676,0.738716349,77.61722291,37.45550392,40.16171899,51.52404239,0.779475311
826,United Kingdom,24193,60244834,150,154,-2.9,54.16,60.96162796,55.52603467,67.50369263,55.41296065,161.2555237,138.9228985,68.06737518,66.64573861,109.2199402,96.77965964,161.2555237,60.96162796,100.2938957,93.40163193,1.073791685,138.9228985,55.41296065,83.50993789,82.65745842,1.0103134
804,Ukraine,57935,46917544,150,151,31.388,49.016,53.1916275,47.48683868,70.23110962,73.07999531,108.0727844,104.2107199,49.00980377,48.34627589,73.64842224,73.67681746,108.0727844,49.00980377,59.06298065,70.83074951,0.833860732,104.2107199,47.48683868,56.72388124,69.36012945,0.817816831
840,United States,915896,299846449,19,21,-98.606,39.622,65.18038177,59.40833212,50.45436859,45.7199994,100.1838608,72.26660218,42.0440979,40.49818408,58.25556946,36.96869594,100.1838608,42.0440979,58.13976288,63.2236557,0.919588756,72.26660218,36.96869594,35.29790625,50.97236274,0.692491075
854,Burkina Faso,27360,13933363,2,11,-1.74,12.278,43.82239151,42.24458761,32.08708954,32.85600153,38.77111435,39.70164077,23.82913971,24.75491989,22.38623238,23.50924566,43.82239151,22.38623238,21.43615913,32.1791935,0.66614967,42.24458761,23.50924566,18.73534195,32.61327909,0.57446974
858,Uruguay,17502,3325727,19,5,-56.012,-32.8,53.12565994,49.10446732,107.8996201,102.4514358,80.77378082,79.1690695,59.56367874,59.80916469,70.7895813,70.54603765,107.8996201,53.12565994,54.77396011,74.43046417,0.735907813,102.4514358,49.10446732,53.34696845,72.21603499,0.738713618
860,Uzbekistan,42540,26593123,142,143,63.17,41.75,34.10817719,31.69322565,21.74539185,17.75999984,34.57424927,22.00001584,24.09926414,21.02504823,16.90048981,13.52696073,34.57424927,16.90048981,17.67375946,26.28551445,0.672376396,31.69322565,13.52696073,18.16626492,21.20105006,0.856856848
670,Saint Vincent and the Grenadines,39,119137,19,29,-61.194,13.248,44.59913254,43.70633203,62.7120018,62.7120018,135.0246277,128.8257348,62.9312973,63.51098791,74.30685425,74.34168171,135.0246277,44.59913254,90.42549515,75.91478271,1.191144754,128.8257348,43.70633203,85.11940277,74.61934765,1.140714914
862,Venezuela,88205,26725573,19,5,-66.166,7.125,55.29389191,51.9369633,53.25161743,42.02428096,87.01676178,75.49509993,42.40124893,41.59745324,49.09728241,45.37787063,87.01676178,42.40124893,44.61551285,57.41216049,0.777109108,75.49509993,41.59745324,33.89764669,51.28633361,0.660948918
704,Viet Nam,32549,85028643,142,35,105.314,21.491,46.30096054,46.71307621,45.02049637,42.0000006,95.09326172,83.18789128,47.5341568,47.77073678,41.50776291,39.85634646,95.09326172,41.50776291,53.58549881,55.09132767,0.972666681,83.18789128,39.85634646,43.33154482,51.90561027,0.834814283
850,United States Virgin Islands,35,111408,19,29,-64.785,17.741,46.31568146,49.31339449,45.77999878,45.77999878,79.26186371,77.98366846,55.93616867,63.9922848,70.64297485,69.92418732,79.26186371,45.77999878,33.48186493,59.58733749,0.561895637,77.98366846,45.77999878,32.20366968,61.39870677,0.524500781
516,Namibia,82329,2019677,2,18,17.218,-22.133,57.79384995,50.64069371,14.30144691,11.48154446,13.98079205,12.99999956,11.78595161,12.16415284,20.13056374,19.0661288,57.79384995,11.78595161,46.00789833,23.59852085,1.949609411,50.64069371,11.48154446,39.15914925,21.27050387,1.841007128
748,Swaziland,1720,1124529,2,18,31.497,-26.562,61.60250473,54.52262238,66.44541168,58.95992853,57.48283005,57.1689011,42.71945572,40.4091356,90.66230011,88.94770889,90.66230011,42.71945572,47.94284439,63.78250046,0.751661413,88.94770889,40.4091356,48.53857329,60.0016593,0.80895385
887,Yemen,52797,21095679,142,145,48.355,15.807,30.84943962,16.06149354,28.10678673,18.00000199,19.69364357,17.09296399,15.01422787,13.44598848,16.12865448,15.37636005,30.84943962,15.01422787,15.83521175,21.95855045,0.721141033,18.00000199,13.44598848,4.554013511,15.99536161,0.284708381
894,Zambia,74339,11478317,2,14,26.32,-14.614,51.62010193,50.16742356,44.50588226,44.51999787,44.92417145,41.74263432,28.29097939,28.27281875,35.56071472,35.79900358,51.62010193,28.29097939,23.32912254,40.98036995,0.569275548,50.16742356,28.27281875,21.89460481,40.10037561,0.545995006
716,Zimbabwe,38685,13119679,2,14,29.872,-19,49.35002899,42.74945397,23.91558647,20.76133311,32.23079681,30.2523196,27.63057137,27.98082431,27.67531395,27.0885635,49.35002899,23.91558647,25.43444252,32.16045952,0.790860669,42.74945397,20.76133311,21.98812086,29.7664989,0.738686835
360,Indonesia,181157,226063044,142,35,114.252,-0.976,49.15307617,47.50438321,77.30517578,50.68852584,190.0050659,163.1433957,52.90078735,50.23874246,125.3435593,92.14752007,190.0050659,49.15307617,140.8519897,98.9415329,1.423588109,163.1433957,47.50438321,115.6390125,80.74451346,1.432159382
312,Guadeloupe,169,438403,19,29,-61.441,16.286,60.17801285,59.0932655,465.5706787,518.0122429,140.1537781,129.2445132,58.59128189,61.46193825,68.55444336,69.16569974,465.5706787,58.59128189,406.9793968,158.609639,2.565918436,518.0122429,59.0932655,458.9189774,167.3955319,2.741524652
530,Netherlands Antilles,80,186392,19,29,-68.87,12.123,25.27572441,23.99139648,22.44599915,22.44599915,55.69049835,50.29829688,20.2580986,29.31323364,41.50798416,41.69627476,55.69049835,20.2580986,35.43239975,33.03566093,1.072550049,50.29829688,22.44599915,27.85229774,33.54904018,0.83019656
784,United Arab Emirates,8360,4104291,142,145,54.163,23.549,15.48141193,13.83405599,20.22995758,20.00935385,6.942623138,5.966392734,8.706007004,8.95362398,14.01259804,13.86850995,20.22995758,6.942623138,13.28733444,13.07451954,1.016277073,20.00935385,5.966392734,14.04296112,12.5263873,1.121070328
626,Timor-Leste,1487,1067285,142,35,125.878,-8.822,75.57824707,90.82664892,74.94242096,96.59983533,92.74878693,85.33982371,48.28335953,46.57685168,71.85211945,68.41175574,92.74878693,48.28335953,44.4654274,72.68098679,0.611788989,96.59983533,46.57685168,50.02298365,77.55098308,0.645033521
666,Saint Pierre and Miquelon,0,6346,19,21,-56.325,47.042,124.8017044,117.3223192,176.4029999,176.4029999,193.9925842,186.893161,55.66372299,59.30731143,112.025589,78.30225193,193.9925842,55.66372299,138.3288612,132.5773201,1.043382542,186.893161,59.30731143,127.5858496,123.6456087,1.031867213
674,San Marino,0,30214,150,39,12.46,43.942,40.58413315,43.32811703,34.06534195,33.40085297,72.39440155,70.63110768,30.95088196,35.80120539,34.43944931,33.9289326,72.39440155,30.95088196,41.44351959,42.48684158,0.975443644,70.63110768,33.40085297,37.2302547,43.41804313,0.85748348
796,Turks and Caicos Islands,0,24459,19,29,-71.95,21.902,103.2166977,99.08082325,29.15999985,29.15999985,178.9425201,176.029202,44.67277908,49.98187736,113.9992599,69.64274488,178.9425201,29.15999985,149.7825203,93.99825134,1.59346071,176.029202,29.15999985,146.8692021,84.77892946,1.732378588
732,Western Sahara,0,440428,2,15,-13.706,24.554,26.9656601,19.53834325,36.1799469,35.79936633,8.025856018,7.973174563,8.342163086,8.434583712,15.7820425,16.02140691,36.1799469,8.025856018,28.15409088,19.05913372,1.477196776,35.79936633,7.973174563,27.82619177,17.55337495,1.585233144
688,Serbia,0,9863026,150,39,20.806,44.032,69.09848785,62.15131361,46.55567932,41.10004372,86.45401764,80.24520995,45.37743378,44.89657068,54.34512329,52.12336767,86.45401764,45.37743378,41.07658386,60.36614838,0.680457259,80.24520995,41.10004372,39.14516623,56.10330112,0.697733742
336,Holy See (Vatican City),0,783,150,39,12.451,41.904,22.416502,22.416502,14.62073898,14.71291558,71.98213959,71.5723945,0,0,41.96575165,41.9696509,71.98213959,0,71.98213959,30.19702644,2.383749265,71.5723945,0,71.5723945,30.1342926,2.375114474
158,Taiwan,0,0,0,0,120.946,23.754,43.41770935,36.44772455,42.49251938,47.37193097,112.0865173,96.85418273,35.74701691,37.82477506,89.15296173,81.96346324,112.0865173,35.74701691,76.33950043,64.57934494,1.182103976,96.85418273,36.44772455,60.40645818,60.09241531,1.005225999
